Condition,Strategy,Reward
Light Task,End Only,-3.662422
Light Task,Cloud Only,5.426159
Light Task,Heuristic,5.426159
Light Task,Best Static,5.541603
Light Task,Scenario Static Oracle,5.677208
Light Task,One-step Greedy Oracle,5.677208
Light Task,LBAS-DRL,5.561474
Excellent Network,End Only,-3.859114
Excellent Network,Cloud Only,5.443221
Excellent Network,Heuristic,5.443221
Excellent Network,Best Static,5.541562
Excellent Network,Scenario Static Oracle,5.703892
Excellent Network,One-step Greedy Oracle,5.703892
Excellent Network,LBAS-DRL,5.606804
Fluctuating Network,End Only,-5.774319
Fluctuating Network,Cloud Only,-1.668063
Fluctuating Network,Heuristic,-7.138151
Fluctuating Network,Best Static,-5.031160
Fluctuating Network,Scenario Static Oracle,3.468791
Fluctuating Network,One-step Greedy Oracle,4.793042
Fluctuating Network,LBAS-DRL,0.904016
Congested Network,End Only,-4.961911
Congested Network,Cloud Only,-2.769644
Congested Network,Heuristic,-9.911329
Congested Network,Best Static,3.956913
Congested Network,Scenario Static Oracle,4.153597
Congested Network,One-step Greedy Oracle,4.147874
Congested Network,LBAS-DRL,3.174747
Heavy Workload,End Only,-8.147844
Heavy Workload,Cloud Only,5.359134
Heavy Workload,Heuristic,5.359134
Heavy Workload,Best Static,5.499442
Heavy Workload,Scenario Static Oracle,5.639667
Heavy Workload,One-step Greedy Oracle,5.639667
Heavy Workload,LBAS-DRL,5.474023
